NTA Experiment Summary File,
Created with NTA 3.4 Build 3.4.4,
,
[Experiment Details],,
Software Version,NTA 3.4 Build 3.4.4,
Experiment Name,sample1bloom 2024-07-11 11-17-27.nano,
Operator Name,kasson,
Time Captured,11:17:27  11/07/2024,
Sample Description,bloom-heat1,
Pre-treatment,,
Diluent,10x,
Remarks,,
,,
,,,,,
Filename:,sample1bloom 2024-07-11 11-17-46,sample1bloom 2024-07-11 11-18-57,sample1bloom 2024-07-11 11-20-07,sample1bloom 2024-07-11 11-21-17,sample1bloom 2024-07-11 11-22-27,
Processed,Yes,Yes,Yes,Yes,Yes,

[Conditions],,,,,,
Temperature/C,19.800,19.862,19.892,19.924,19.957,
Viscosity/cP,1.004909,1.003383,1.002646,1.001861,1.001052,
Camera Type,sCMOS,sCMOS,sCMOS,sCMOS,sCMOS,
Laser Type,Red,Red,Red,Red,Red,
Camera Level,14,14,14,14,14,
Slider Shutter,1259,1259,1259,1259,1259,
Slider Gain,366,366,366,366,366,
Shutter/ms,31.480000,31.480000,31.480000,31.480000,31.480000,
Camera Histogram Upper Limit,6588,6588,6588,6588,6588,
Camera Histogram Lower Limit,0,0,0,0,0,
Frame rate/fps,24.982500,24.982500,24.982500,24.982500,24.982500,
Syringe Pump Speed/AU,50,50,50,50,50,
,,,,,,
[Settings],,,,,,
Detection Threshold,5,5,5,5,5,
Max Jump Mode,Auto,Auto,Auto,Auto,Auto,
Max Jump Distance,12.0000,12.0000,12.0000,12.0000,12.0000,
Blur,Auto,Auto,Auto,Auto,Auto,
Min Track Length,Auto,Auto,Auto,Auto,Auto,
First frame,0,0,0,0,0,
Total frames analysed,1498,1498,1498,1498,1498,
,,,,,,
[Exclusion Regions]
No Exclusion Regions Used,,,,,,

[Results],,,,,,Average,Standard Error,
Dilution factor (concentrations adjusted for this factor),Not recorded,Not recorded,Not recorded,Not recorded,Not recorded,,,
Concentration (Particles / ml),1.59e+05,3.06e+06,1.66e+06,6.76e+06,3.84e+06,3.09e+06,1.11e+06,
Particles per frame,0.0,0.2,0.1,0.4,0.2,0.2,0.1,
Centres per frame,0.1,0.4,0.3,0.8,0.5,0.4,0.1,
Completed tracks,6,70,31,204,105,,,
X-Drift (pix/frame),0.0,-3.3,-4.9,-4.1,-4.3,,,
Y-Drift (pix/frame),0.0,0.1,-0.2,-0.3,0.8,,,
,,,,,,,,
[Information]
Completed Tracks,<100,<100,<100,OK,<200,
Concentration,Very low concentration,Very low concentration,Very low concentration,Very low concentration,Very low concentration,
Video length,OK,OK,OK,OK,OK,
Noise level,High noise,High noise,High noise,High noise,High noise,
Vibration detected,No,No,No,No,No,
Vibration correction applied,No,No,No,No,No,
Settings changed?,No,No,No,No,No,
Errors (1),,,,,,
Errors (2),,,,,,

[Data Included],
Size distribution - Number weighting - With Percentiles,
,
[Size Data],,
Analysis Method,FTLA,
Weighting,Number,
Filename,sample1bloom 2024-07-11 11-17-46,sample1bloom 2024-07-11 11-18-57,sample1bloom 2024-07-11 11-20-07,sample1bloom 2024-07-11 11-21-17,sample1bloom 2024-07-11 11-22-27,Average,Standard Error,
Mean,0.0,83.1,171.5,27.5,41.2,64.7,29.9,
Mode,0.0,49.1,171.2,27.0,40.9,57.6,29.6,
SD,0.0,39.9,6.5,2.4,2.7,10.3,7.5,
D10,0.0,45.9,163.2,24.6,37.8,54.3,28.3,
D50,0.0,53.4,171.4,27.3,41.1,58.6,29.5,
D90,0.0,133.5,179.9,30.6,44.7,77.8,33.8,
Valid Tracks,0.0,12.0,3.0,13.0,11.0,,,
Graph Data,
Bin centre (nm),Concentration (particles / ml),Concentration (particles / ml),Concentration (particles / ml),Concentration (particles / ml),Concentration (particles / ml),Concentration average,Standard Error,
0.5,0,0,0,0,0,0,0,
1.5,0,0,0,0,0,0,0,
2.5,0,0,0,0,0,0,0,
3.5,0,0,0,0,0,0,0,
4.5,0,0,0,0,0,0,0,
5.5,0,0,0,0,0,0,0,
6.5,0,0,0,0,0,0,0,
7.5,0,0,0,0,0,0,0,
8.5,0,0,0,0,0,0,0,
9.5,0,0,0,0,0,0,0,
10.5,0,0,0,0,0,0,0,
11.5,0,0,0,0,0,0,0,
12.5,0,0,0,0,0,0,0,
13.5,0,0,0,0,0,0,0,
14.5,0,0,0,0,0,0,0,
15.5,0,0,0,0,0,0,0,
16.5,0,0,0,0,0,0,0,
17.5,0,0,0,0,0,0,0,
18.5,0,0,0,5,0,1,1,
19.5,0,0,0,145,0,29,29,
20.5,0,0,0,2033,0,407,407,
21.5,0,0,0,16225,0,3245,3245,
22.5,0,0,0,79386,0,15877,15877,
23.5,0,0,0,254560,0,50912,50912,
24.5,0,0,0,567469,0,113494,113494,
25.5,0,0,0,926646,0,185329,185329,
26.5,0,0,0,1161142,0,232228,232228,
27.5,0,0,0,1163595,0,232719,232719,
28.5,0,0,0,967442,0,193488,193488,
29.5,0,0,0,689506,2,137902,137901,
30.5,0,0,0,433628,21,86730,86725,
31.5,0,1,0,246872,165,49408,49366,
32.5,0,4,0,130127,992,26224,25976,
33.5,0,12,0,64761,4647,13884,12751,
34.5,0,38,0,30951,17141,9626,6279,
35.5,0,111,0,14412,50368,12978,9753,
36.5,0,309,0,6618,119387,25263,23565,
37.5,0,807,0,3027,231205,47008,46053,
38.5,0,1970,0,1390,370640,74800,73961,
39.5,0,4476,0,645,498364,100697,99420,
40.5,0,9434,0,303,569516,115851,113431,
41.5,0,18384,0,145,560430,115792,111216,
42.5,0,33034,0,71,481073,102836,94775,
43.5,0,54630,0,35,364828,83899,71024,
44.5,0,83048,0,18,247478,66109,48109,
45.5,0,116002,0,9,151978,53598,33309,
46.5,0,148928,0,5,85480,46883,30411,
47.5,0,175920,0,3,44527,44090,34067,
48.5,0,191518,0,1,21712,42646,37455,
49.5,0,192597,0,0,10010,40522,38068,
50.5,0,179412,0,0,4405,36764,35672,
51.5,0,155321,0,0,1867,31438,30973,
52.5,0,125421,0,0,768,25238,25046,
53.5,0,94840,0,0,309,19030,18953,
54.5,0,67443,0,0,123,13513,13483,
55.5,0,45304,0,0,48,9070,9058,
56.5,0,28880,0,0,19,5780,5775,
57.5,0,17553,0,0,7,3512,3510,
58.5,0,10221,0,0,3,2045,2044,
59.5,0,5730,0,0,1,1146,1146,
60.5,0,3108,0,0,0,622,622,
61.5,0,1639,0,0,0,328,328,
62.5,0,844,0,0,0,169,169,
63.5,0,427,0,0,0,85,85,
64.5,0,213,0,0,0,43,43,
65.5,0,105,0,0,0,21,21,
66.5,0,52,0,0,0,10,10,
67.5,0,26,0,0,0,5,5,
68.5,0,13,0,0,0,3,3,
69.5,0,6,0,0,0,1,1,
70.5,0,3,0,0,0,0,0,
71.5,0,2,0,0,0,0,0,
72.5,0,0,0,0,0,0,0,
73.5,0,0,0,0,0,0,0,
74.5,0,0,0,0,0,0,0,
75.5,0,0,0,0,0,0,0,
76.5,0,0,0,0,0,0,0,
77.5,0,0,0,0,0,0,0,
78.5,0,0,0,0,0,0,0,
79.5,0,0,0,0,0,0,0,
80.5,0,0,0,0,0,0,0,
81.5,0,0,0,0,0,0,0,
82.5,0,0,0,0,0,0,0,
83.5,0,0,0,0,0,0,0,
84.5,0,0,0,0,0,0,0,
85.5,0,0,0,0,0,0,0,
86.5,0,0,0,0,0,0,0,
87.5,0,0,0,0,0,0,0,
88.5,0,0,0,0,0,0,0,
89.5,0,0,0,0,0,0,0,
90.5,0,0,0,0,0,0,0,
91.5,0,0,0,0,0,0,0,
92.5,0,0,0,0,0,0,0,
93.5,0,0,0,0,0,0,0,
94.5,0,0,0,0,0,0,0,
95.5,0,0,0,0,0,0,0,
96.5,0,0,0,0,0,0,0,
97.5,0,0,0,0,0,0,0,
98.5,0,0,0,0,0,0,0,
99.5,0,0,0,0,0,0,0,
100.5,0,0,0,0,0,0,0,
101.5,0,2,0,0,0,0,0,
102.5,0,3,0,0,0,0,0,
103.5,0,6,0,0,0,1,1,
104.5,0,10,0,0,0,2,2,
105.5,0,19,0,0,0,4,4,
106.5,0,34,0,0,0,7,7,
107.5,0,61,0,0,0,12,12,
108.5,0,108,0,0,0,22,22,
109.5,0,191,0,0,0,38,38,
110.5,0,332,0,0,0,66,66,
111.5,0,567,0,0,0,113,113,
112.5,0,951,0,0,0,190,190,
113.5,0,1563,0,0,0,313,313,
114.5,0,2511,0,0,0,502,502,
115.5,0,3936,0,0,0,787,787,
116.5,0,6012,0,0,0,1202,1202,
117.5,0,8934,0,0,0,1787,1787,
118.5,0,12904,0,0,0,2581,2581,
119.5,0,18096,0,0,0,3619,3619,
120.5,0,24617,0,0,0,4923,4923,
121.5,0,32460,0,0,0,6492,6492,
122.5,0,41464,0,0,0,8293,8293,
123.5,0,51285,0,0,0,10257,10257,
124.5,0,61396,0,0,0,12279,12279,
125.5,0,71124,0,0,0,14225,14225,
126.5,0,79717,0,0,0,15943,15943,
127.5,0,86440,0,0,0,17288,17288,
128.5,0,90684,0,0,0,18137,18137,
129.5,0,92055,0,0,0,18411,18411,
130.5,0,90439,0,0,0,18088,18088,
131.5,0,86014,0,0,0,17203,17203,
132.5,0,79221,0,0,0,15844,15844,
133.5,0,70687,0,0,0,14137,14137,
134.5,0,61132,0,0,0,12226,12226,
135.5,0,51269,0,0,0,10254,10254,
136.5,0,41719,0,0,0,8344,8344,
137.5,0,32959,0,0,0,6592,6592,
138.5,0,25296,0,0,0,5059,5059,
139.5,0,18875,0,0,0,3775,3775,
140.5,0,13701,0,0,0,2740,2740,
141.5,0,9682,0,0,0,1937,1936,
142.5,0,6667,2,0,0,1334,1333,
143.5,0,4476,4,0,0,896,895,
144.5,0,2933,8,0,0,588,586,
145.5,0,1877,17,0,0,379,375,
146.5,0,1174,35,0,0,242,233,
147.5,0,719,68,0,0,157,141,
148.5,0,431,127,0,0,112,83,
149.5,0,253,232,0,0,97,59,
150.5,0,146,410,0,0,111,80,
151.5,0,82,703,0,0,157,137,
152.5,0,46,1172,0,0,243,232,
153.5,0,25,1896,0,0,384,378,
154.5,0,13,2980,0,0,599,595,
155.5,0,7,4551,0,0,912,910,
156.5,0,4,6756,0,0,1352,1351,
157.5,0,2,9751,0,0,1950,1950,
158.5,0,0,13686,0,0,2737,2737,
159.5,0,0,18687,0,0,3737,3737,
160.5,0,0,24828,0,0,4966,4966,
161.5,0,0,32110,0,0,6422,6422,
162.5,0,0,40432,0,0,8086,8086,
163.5,0,0,49586,0,0,9917,9917,
164.5,0,0,59244,0,0,11849,11849,
165.5,0,0,68981,0,0,13796,13796,
166.5,0,0,78296,0,0,15659,15659,
167.5,0,0,86658,0,0,17332,17332,
168.5,0,0,93557,0,0,18711,18711,
169.5,0,0,98552,0,0,19710,19710,
170.5,0,0,101327,0,0,20265,20265,
171.5,0,0,101716,0,0,20343,20343,
172.5,0,0,99723,0,0,19945,19945,
173.5,0,0,95519,0,0,19104,19104,
174.5,0,0,89415,0,0,17883,17883,
175.5,0,0,81828,0,0,16366,16366,
176.5,0,0,73235,0,0,14647,14647,
177.5,0,0,64121,0,0,12824,12824,
178.5,0,0,54941,0,0,10988,10988,
179.5,0,0,46086,0,0,9217,9217,
180.5,0,0,37859,0,0,7572,7572,
181.5,0,0,30468,0,0,6094,6094,
182.5,0,0,24031,0,0,4806,4806,
183.5,0,0,18583,0,0,3717,3717,
184.5,0,0,14094,0,0,2819,2819,
185.5,0,0,10487,0,0,2097,2097,
186.5,0,0,7660,0,0,1532,1532,
187.5,0,0,5494,0,0,1099,1099,
188.5,0,0,3871,0,0,774,774,
189.5,0,0,2680,0,0,536,536,
190.5,0,0,1825,0,0,365,365,
191.5,0,0,1222,0,0,244,244,
192.5,0,0,805,0,0,161,161,
193.5,0,0,522,0,0,104,104,
194.5,0,0,334,0,0,67,67,
195.5,0,0,210,0,0,42,42,
196.5,0,0,131,0,0,26,26,
197.5,0,0,80,0,0,16,16,
198.5,0,0,48,0,0,10,10,
199.5,0,0,29,0,0,6,6,
200.5,0,0,17,0,0,3,3,
201.5,0,0,10,0,0,2,2,
202.5,0,0,6,0,0,1,1,
203.5,0,0,3,0,0,0,0,
204.5,0,0,2,0,0,0,0,
205.5,0,0,1,0,0,0,0,
206.5,0,0,0,0,0,0,0,
207.5,0,0,0,0,0,0,0,
208.5,0,0,0,0,0,0,0,
209.5,0,0,0,0,0,0,0,
210.5,0,0,0,0,0,0,0,
211.5,0,0,0,0,0,0,0,
212.5,0,0,0,0,0,0,0,
213.5,0,0,0,0,0,0,0,
214.5,0,0,0,0,0,0,0,
215.5,0,0,0,0,0,0,0,
216.5,0,0,0,0,0,0,0,
217.5,0,0,0,0,0,0,0,
218.5,0,0,0,0,0,0,0,
219.5,0,0,0,0,0,0,0,
220.5,0,0,0,0,0,0,0,
221.5,0,0,0,0,0,0,0,
222.5,0,0,0,0,0,0,0,
223.5,0,0,0,0,0,0,0,
224.5,0,0,0,0,0,0,0,
225.5,0,0,0,0,0,0,0,
226.5,0,0,0,0,0,0,0,
227.5,0,0,0,0,0,0,0,
228.5,0,0,0,0,0,0,0,
229.5,0,0,0,0,0,0,0,
230.5,0,0,0,0,0,0,0,
231.5,0,0,0,0,0,0,0,
232.5,0,0,0,0,0,0,0,
233.5,0,0,0,0,0,0,0,
234.5,0,0,0,0,0,0,0,
235.5,0,0,0,0,0,0,0,
236.5,0,0,0,0,0,0,0,
237.5,0,0,0,0,0,0,0,
238.5,0,0,0,0,0,0,0,
239.5,0,0,0,0,0,0,0,
240.5,0,0,0,0,0,0,0,
241.5,0,0,0,0,0,0,0,
242.5,0,0,0,0,0,0,0,
243.5,0,0,0,0,0,0,0,
244.5,0,0,0,0,0,0,0,
245.5,0,0,0,0,0,0,0,
246.5,0,0,0,0,0,0,0,
247.5,0,0,0,0,0,0,0,
248.5,0,0,0,0,0,0,0,
249.5,0,0,0,0,0,0,0,
250.5,0,0,0,0,0,0,0,
251.5,0,0,0,0,0,0,0,
252.5,0,0,0,0,0,0,0,
253.5,0,0,0,0,0,0,0,
254.5,0,0,0,0,0,0,0,
255.5,0,0,0,0,0,0,0,
256.5,0,0,0,0,0,0,0,
257.5,0,0,0,0,0,0,0,
258.5,0,0,0,0,0,0,0,
259.5,0,0,0,0,0,0,0,
260.5,0,0,0,0,0,0,0,
261.5,0,0,0,0,0,0,0,
262.5,0,0,0,0,0,0,0,
263.5,0,0,0,0,0,0,0,
264.5,0,0,0,0,0,0,0,
265.5,0,0,0,0,0,0,0,
266.5,0,0,0,0,0,0,0,
267.5,0,0,0,0,0,0,0,
268.5,0,0,0,0,0,0,0,
269.5,0,0,0,0,0,0,0,
270.5,0,0,0,0,0,0,0,
271.5,0,0,0,0,0,0,0,
272.5,0,0,0,0,0,0,0,
273.5,0,0,0,0,0,0,0,
274.5,0,0,0,0,0,0,0,
275.5,0,0,0,0,0,0,0,
276.5,0,0,0,0,0,0,0,
277.5,0,0,0,0,0,0,0,
278.5,0,0,0,0,0,0,0,
279.5,0,0,0,0,0,0,0,
280.5,0,0,0,0,0,0,0,
281.5,0,0,0,0,0,0,0,
282.5,0,0,0,0,0,0,0,
283.5,0,0,0,0,0,0,0,
284.5,0,0,0,0,0,0,0,
285.5,0,0,0,0,0,0,0,
286.5,0,0,0,0,0,0,0,
287.5,0,0,0,0,0,0,0,
288.5,0,0,0,0,0,0,0,
289.5,0,0,0,0,0,0,0,
290.5,0,0,0,0,0,0,0,
291.5,0,0,0,0,0,0,0,
292.5,0,0,0,0,0,0,0,
293.5,0,0,0,0,0,0,0,
294.5,0,0,0,0,0,0,0,
295.5,0,0,0,0,0,0,0,
296.5,0,0,0,0,0,0,0,
297.5,0,0,0,0,0,0,0,
298.5,0,0,0,0,0,0,0,
299.5,0,0,0,0,0,0,0,
300.5,0,0,0,0,0,0,0,
301.5,0,0,0,0,0,0,0,
302.5,0,0,0,0,0,0,0,
303.5,0,0,0,0,0,0,0,
304.5,0,0,0,0,0,0,0,
305.5,0,0,0,0,0,0,0,
306.5,0,0,0,0,0,0,0,
307.5,0,0,0,0,0,0,0,
308.5,0,0,0,0,0,0,0,
309.5,0,0,0,0,0,0,0,
310.5,0,0,0,0,0,0,0,
311.5,0,0,0,0,0,0,0,
312.5,0,0,0,0,0,0,0,
313.5,0,0,0,0,0,0,0,
314.5,0,0,0,0,0,0,0,
315.5,0,0,0,0,0,0,0,
316.5,0,0,0,0,0,0,0,
317.5,0,0,0,0,0,0,0,
318.5,0,0,0,0,0,0,0,
319.5,0,0,0,0,0,0,0,
320.5,0,0,0,0,0,0,0,
321.5,0,0,0,0,0,0,0,
322.5,0,0,0,0,0,0,0,
323.5,0,0,0,0,0,0,0,
324.5,0,0,0,0,0,0,0,
325.5,0,0,0,0,0,0,0,
326.5,0,0,0,0,0,0,0,
327.5,0,0,0,0,0,0,0,
328.5,0,0,0,0,0,0,0,
329.5,0,0,0,0,0,0,0,
330.5,0,0,0,0,0,0,0,
331.5,0,0,0,0,0,0,0,
332.5,0,0,0,0,0,0,0,
333.5,0,0,0,0,0,0,0,
334.5,0,0,0,0,0,0,0,
335.5,0,0,0,0,0,0,0,
336.5,0,0,0,0,0,0,0,
337.5,0,0,0,0,0,0,0,
338.5,0,0,0,0,0,0,0,
339.5,0,0,0,0,0,0,0,
340.5,0,0,0,0,0,0,0,
341.5,0,0,0,0,0,0,0,
342.5,0,0,0,0,0,0,0,
343.5,0,0,0,0,0,0,0,
344.5,0,0,0,0,0,0,0,
345.5,0,0,0,0,0,0,0,
346.5,0,0,0,0,0,0,0,
347.5,0,0,0,0,0,0,0,
348.5,0,0,0,0,0,0,0,
349.5,0,0,0,0,0,0,0,
350.5,0,0,0,0,0,0,0,
351.5,0,0,0,0,0,0,0,
352.5,0,0,0,0,0,0,0,
353.5,0,0,0,0,0,0,0,
354.5,0,0,0,0,0,0,0,
355.5,0,0,0,0,0,0,0,
356.5,0,0,0,0,0,0,0,
357.5,0,0,0,0,0,0,0,
358.5,0,0,0,0,0,0,0,
359.5,0,0,0,0,0,0,0,
360.5,0,0,0,0,0,0,0,
361.5,0,0,0,0,0,0,0,
362.5,0,0,0,0,0,0,0,
363.5,0,0,0,0,0,0,0,
364.5,0,0,0,0,0,0,0,
365.5,0,0,0,0,0,0,0,
366.5,0,0,0,0,0,0,0,
367.5,0,0,0,0,0,0,0,
368.5,0,0,0,0,0,0,0,
369.5,0,0,0,0,0,0,0,
370.5,0,0,0,0,0,0,0,
371.5,0,0,0,0,0,0,0,
372.5,0,0,0,0,0,0,0,
373.5,0,0,0,0,0,0,0,
374.5,0,0,0,0,0,0,0,
375.5,0,0,0,0,0,0,0,
376.5,0,0,0,0,0,0,0,
377.5,0,0,0,0,0,0,0,
378.5,0,0,0,0,0,0,0,
379.5,0,0,0,0,0,0,0,
380.5,0,0,0,0,0,0,0,
381.5,0,0,0,0,0,0,0,
382.5,0,0,0,0,0,0,0,
383.5,0,0,0,0,0,0,0,
384.5,0,0,0,0,0,0,0,
385.5,0,0,0,0,0,0,0,
386.5,0,0,0,0,0,0,0,
387.5,0,0,0,0,0,0,0,
388.5,0,0,0,0,0,0,0,
389.5,0,0,0,0,0,0,0,
390.5,0,0,0,0,0,0,0,
391.5,0,0,0,0,0,0,0,
392.5,0,0,0,0,0,0,0,
393.5,0,0,0,0,0,0,0,
394.5,0,0,0,0,0,0,0,
395.5,0,0,0,0,0,0,0,
396.5,0,0,0,0,0,0,0,
397.5,0,0,0,0,0,0,0,
398.5,0,0,0,0,0,0,0,
399.5,0,0,0,0,0,0,0,
400.5,0,0,0,0,0,0,0,
401.5,0,0,0,0,0,0,0,
402.5,0,0,0,0,0,0,0,
403.5,0,0,0,0,0,0,0,
404.5,0,0,0,0,0,0,0,
405.5,0,0,0,0,0,0,0,
406.5,0,0,0,0,0,0,0,
407.5,0,0,0,0,0,0,0,
408.5,0,0,0,0,0,0,0,
409.5,0,0,0,0,0,0,0,
410.5,0,0,0,0,0,0,0,
411.5,0,0,0,0,0,0,0,
412.5,0,0,0,0,0,0,0,
413.5,0,0,0,0,0,0,0,
414.5,0,0,0,0,0,0,0,
415.5,0,0,0,0,0,0,0,
416.5,0,0,0,0,0,0,0,
417.5,0,0,0,0,0,0,0,
418.5,0,0,0,0,0,0,0,
419.5,0,0,0,0,0,0,0,
420.5,0,0,0,0,0,0,0,
421.5,0,0,0,0,0,0,0,
422.5,0,0,0,0,0,0,0,
423.5,0,0,0,0,0,0,0,
424.5,0,0,0,0,0,0,0,
425.5,0,0,0,0,0,0,0,
426.5,0,0,0,0,0,0,0,
427.5,0,0,0,0,0,0,0,
428.5,0,0,0,0,0,0,0,
429.5,0,0,0,0,0,0,0,
430.5,0,0,0,0,0,0,0,
431.5,0,0,0,0,0,0,0,
432.5,0,0,0,0,0,0,0,
433.5,0,0,0,0,0,0,0,
434.5,0,0,0,0,0,0,0,
435.5,0,0,0,0,0,0,0,
436.5,0,0,0,0,0,0,0,
437.5,0,0,0,0,0,0,0,
438.5,0,0,0,0,0,0,0,
439.5,0,0,0,0,0,0,0,
440.5,0,0,0,0,0,0,0,
441.5,0,0,0,0,0,0,0,
442.5,0,0,0,0,0,0,0,
443.5,0,0,0,0,0,0,0,
444.5,0,0,0,0,0,0,0,
445.5,0,0,0,0,0,0,0,
446.5,0,0,0,0,0,0,0,
447.5,0,0,0,0,0,0,0,
448.5,0,0,0,0,0,0,0,
449.5,0,0,0,0,0,0,0,
450.5,0,0,0,0,0,0,0,
451.5,0,0,0,0,0,0,0,
452.5,0,0,0,0,0,0,0,
453.5,0,0,0,0,0,0,0,
454.5,0,0,0,0,0,0,0,
455.5,0,0,0,0,0,0,0,
456.5,0,0,0,0,0,0,0,
457.5,0,0,0,0,0,0,0,
458.5,0,0,0,0,0,0,0,
459.5,0,0,0,0,0,0,0,
460.5,0,0,0,0,0,0,0,
461.5,0,0,0,0,0,0,0,
462.5,0,0,0,0,0,0,0,
463.5,0,0,0,0,0,0,0,
464.5,0,0,0,0,0,0,0,
465.5,0,0,0,0,0,0,0,
466.5,0,0,0,0,0,0,0,
467.5,0,0,0,0,0,0,0,
468.5,0,0,0,0,0,0,0,
469.5,0,0,0,0,0,0,0,
470.5,0,0,0,0,0,0,0,
471.5,0,0,0,0,0,0,0,
472.5,0,0,0,0,0,0,0,
473.5,0,0,0,0,0,0,0,
474.5,0,0,0,0,0,0,0,
475.5,0,0,0,0,0,0,0,
476.5,0,0,0,0,0,0,0,
477.5,0,0,0,0,0,0,0,
478.5,0,0,0,0,0,0,0,
479.5,0,0,0,0,0,0,0,
480.5,0,0,0,0,0,0,0,
481.5,0,0,0,0,0,0,0,
482.5,0,0,0,0,0,0,0,
483.5,0,0,0,0,0,0,0,
484.5,0,0,0,0,0,0,0,
485.5,0,0,0,0,0,0,0,
486.5,0,0,0,0,0,0,0,
487.5,0,0,0,0,0,0,0,
488.5,0,0,0,0,0,0,0,
489.5,0,0,0,0,0,0,0,
490.5,0,0,0,0,0,0,0,
491.5,0,0,0,0,0,0,0,
492.5,0,0,0,0,0,0,0,
493.5,0,0,0,0,0,0,0,
494.5,0,0,0,0,0,0,0,
495.5,0,0,0,0,0,0,0,
496.5,0,0,0,0,0,0,0,
497.5,0,0,0,0,0,0,0,
498.5,0,0,0,0,0,0,0,
499.5,0,0,0,0,0,0,0,
500.5,0,0,0,0,0,0,0,
501.5,0,0,0,0,0,0,0,
502.5,0,0,0,0,0,0,0,
503.5,0,0,0,0,0,0,0,
504.5,0,0,0,0,0,0,0,
505.5,0,0,0,0,0,0,0,
506.5,0,0,0,0,0,0,0,
507.5,0,0,0,0,0,0,0,
508.5,0,0,0,0,0,0,0,
509.5,0,0,0,0,0,0,0,
510.5,0,0,0,0,0,0,0,
511.5,0,0,0,0,0,0,0,
512.5,0,0,0,0,0,0,0,
513.5,0,0,0,0,0,0,0,
514.5,0,0,0,0,0,0,0,
515.5,0,0,0,0,0,0,0,
516.5,0,0,0,0,0,0,0,
517.5,0,0,0,0,0,0,0,
518.5,0,0,0,0,0,0,0,
519.5,0,0,0,0,0,0,0,
520.5,0,0,0,0,0,0,0,
521.5,0,0,0,0,0,0,0,
522.5,0,0,0,0,0,0,0,
523.5,0,0,0,0,0,0,0,
524.5,0,0,0,0,0,0,0,
525.5,0,0,0,0,0,0,0,
526.5,0,0,0,0,0,0,0,
527.5,0,0,0,0,0,0,0,
528.5,0,0,0,0,0,0,0,
529.5,0,0,0,0,0,0,0,
530.5,0,0,0,0,0,0,0,
531.5,0,0,0,0,0,0,0,
532.5,0,0,0,0,0,0,0,
533.5,0,0,0,0,0,0,0,
534.5,0,0,0,0,0,0,0,
535.5,0,0,0,0,0,0,0,
536.5,0,0,0,0,0,0,0,
537.5,0,0,0,0,0,0,0,
538.5,0,0,0,0,0,0,0,
539.5,0,0,0,0,0,0,0,
540.5,0,0,0,0,0,0,0,
541.5,0,0,0,0,0,0,0,
542.5,0,0,0,0,0,0,0,
543.5,0,0,0,0,0,0,0,
544.5,0,0,0,0,0,0,0,
545.5,0,0,0,0,0,0,0,
546.5,0,0,0,0,0,0,0,
547.5,0,0,0,0,0,0,0,
548.5,0,0,0,0,0,0,0,
549.5,0,0,0,0,0,0,0,
550.5,0,0,0,0,0,0,0,
551.5,0,0,0,0,0,0,0,
552.5,0,0,0,0,0,0,0,
553.5,0,0,0,0,0,0,0,
554.5,0,0,0,0,0,0,0,
555.5,0,0,0,0,0,0,0,
556.5,0,0,0,0,0,0,0,
557.5,0,0,0,0,0,0,0,
558.5,0,0,0,0,0,0,0,
559.5,0,0,0,0,0,0,0,
560.5,0,0,0,0,0,0,0,
561.5,0,0,0,0,0,0,0,
562.5,0,0,0,0,0,0,0,
563.5,0,0,0,0,0,0,0,
564.5,0,0,0,0,0,0,0,
565.5,0,0,0,0,0,0,0,
566.5,0,0,0,0,0,0,0,
567.5,0,0,0,0,0,0,0,
568.5,0,0,0,0,0,0,0,
569.5,0,0,0,0,0,0,0,
570.5,0,0,0,0,0,0,0,
571.5,0,0,0,0,0,0,0,
572.5,0,0,0,0,0,0,0,
573.5,0,0,0,0,0,0,0,
574.5,0,0,0,0,0,0,0,
575.5,0,0,0,0,0,0,0,
576.5,0,0,0,0,0,0,0,
577.5,0,0,0,0,0,0,0,
578.5,0,0,0,0,0,0,0,
579.5,0,0,0,0,0,0,0,
580.5,0,0,0,0,0,0,0,
581.5,0,0,0,0,0,0,0,
582.5,0,0,0,0,0,0,0,
583.5,0,0,0,0,0,0,0,
584.5,0,0,0,0,0,0,0,
585.5,0,0,0,0,0,0,0,
586.5,0,0,0,0,0,0,0,
587.5,0,0,0,0,0,0,0,
588.5,0,0,0,0,0,0,0,
589.5,0,0,0,0,0,0,0,
590.5,0,0,0,0,0,0,0,
591.5,0,0,0,0,0,0,0,
592.5,0,0,0,0,0,0,0,
593.5,0,0,0,0,0,0,0,
594.5,0,0,0,0,0,0,0,
595.5,0,0,0,0,0,0,0,
596.5,0,0,0,0,0,0,0,
597.5,0,0,0,0,0,0,0,
598.5,0,0,0,0,0,0,0,
599.5,0,0,0,0,0,0,0,
600.5,0,0,0,0,0,0,0,
601.5,0,0,0,0,0,0,0,
602.5,0,0,0,0,0,0,0,
603.5,0,0,0,0,0,0,0,
604.5,0,0,0,0,0,0,0,
605.5,0,0,0,0,0,0,0,
606.5,0,0,0,0,0,0,0,
607.5,0,0,0,0,0,0,0,
608.5,0,0,0,0,0,0,0,
609.5,0,0,0,0,0,0,0,
610.5,0,0,0,0,0,0,0,
611.5,0,0,0,0,0,0,0,
612.5,0,0,0,0,0,0,0,
613.5,0,0,0,0,0,0,0,
614.5,0,0,0,0,0,0,0,
615.5,0,0,0,0,0,0,0,
616.5,0,0,0,0,0,0,0,
617.5,0,0,0,0,0,0,0,
618.5,0,0,0,0,0,0,0,
619.5,0,0,0,0,0,0,0,
620.5,0,0,0,0,0,0,0,
621.5,0,0,0,0,0,0,0,
622.5,0,0,0,0,0,0,0,
623.5,0,0,0,0,0,0,0,
624.5,0,0,0,0,0,0,0,
625.5,0,0,0,0,0,0,0,
626.5,0,0,0,0,0,0,0,
627.5,0,0,0,0,0,0,0,
628.5,0,0,0,0,0,0,0,
629.5,0,0,0,0,0,0,0,
630.5,0,0,0,0,0,0,0,
631.5,0,0,0,0,0,0,0,
632.5,0,0,0,0,0,0,0,
633.5,0,0,0,0,0,0,0,
634.5,0,0,0,0,0,0,0,
635.5,0,0,0,0,0,0,0,
636.5,0,0,0,0,0,0,0,
637.5,0,0,0,0,0,0,0,
638.5,0,0,0,0,0,0,0,
639.5,0,0,0,0,0,0,0,
640.5,0,0,0,0,0,0,0,
641.5,0,0,0,0,0,0,0,
642.5,0,0,0,0,0,0,0,
643.5,0,0,0,0,0,0,0,
644.5,0,0,0,0,0,0,0,
645.5,0,0,0,0,0,0,0,
646.5,0,0,0,0,0,0,0,
647.5,0,0,0,0,0,0,0,
648.5,0,0,0,0,0,0,0,
649.5,0,0,0,0,0,0,0,
650.5,0,0,0,0,0,0,0,
651.5,0,0,0,0,0,0,0,
652.5,0,0,0,0,0,0,0,
653.5,0,0,0,0,0,0,0,
654.5,0,0,0,0,0,0,0,
655.5,0,0,0,0,0,0,0,
656.5,0,0,0,0,0,0,0,
657.5,0,0,0,0,0,0,0,
658.5,0,0,0,0,0,0,0,
659.5,0,0,0,0,0,0,0,
660.5,0,0,0,0,0,0,0,
661.5,0,0,0,0,0,0,0,
662.5,0,0,0,0,0,0,0,
663.5,0,0,0,0,0,0,0,
664.5,0,0,0,0,0,0,0,
665.5,0,0,0,0,0,0,0,
666.5,0,0,0,0,0,0,0,
667.5,0,0,0,0,0,0,0,
668.5,0,0,0,0,0,0,0,
669.5,0,0,0,0,0,0,0,
670.5,0,0,0,0,0,0,0,
671.5,0,0,0,0,0,0,0,
672.5,0,0,0,0,0,0,0,
673.5,0,0,0,0,0,0,0,
674.5,0,0,0,0,0,0,0,
675.5,0,0,0,0,0,0,0,
676.5,0,0,0,0,0,0,0,
677.5,0,0,0,0,0,0,0,
678.5,0,0,0,0,0,0,0,
679.5,0,0,0,0,0,0,0,
680.5,0,0,0,0,0,0,0,
681.5,0,0,0,0,0,0,0,
682.5,0,0,0,0,0,0,0,
683.5,0,0,0,0,0,0,0,
684.5,0,0,0,0,0,0,0,
685.5,0,0,0,0,0,0,0,
686.5,0,0,0,0,0,0,0,
687.5,0,0,0,0,0,0,0,
688.5,0,0,0,0,0,0,0,
689.5,0,0,0,0,0,0,0,
690.5,0,0,0,0,0,0,0,
691.5,0,0,0,0,0,0,0,
692.5,0,0,0,0,0,0,0,
693.5,0,0,0,0,0,0,0,
694.5,0,0,0,0,0,0,0,
695.5,0,0,0,0,0,0,0,
696.5,0,0,0,0,0,0,0,
697.5,0,0,0,0,0,0,0,
698.5,0,0,0,0,0,0,0,
699.5,0,0,0,0,0,0,0,
700.5,0,0,0,0,0,0,0,
701.5,0,0,0,0,0,0,0,
702.5,0,0,0,0,0,0,0,
703.5,0,0,0,0,0,0,0,
704.5,0,0,0,0,0,0,0,
705.5,0,0,0,0,0,0,0,
706.5,0,0,0,0,0,0,0,
707.5,0,0,0,0,0,0,0,
708.5,0,0,0,0,0,0,0,
709.5,0,0,0,0,0,0,0,
710.5,0,0,0,0,0,0,0,
711.5,0,0,0,0,0,0,0,
712.5,0,0,0,0,0,0,0,
713.5,0,0,0,0,0,0,0,
714.5,0,0,0,0,0,0,0,
715.5,0,0,0,0,0,0,0,
716.5,0,0,0,0,0,0,0,
717.5,0,0,0,0,0,0,0,
718.5,0,0,0,0,0,0,0,
719.5,0,0,0,0,0,0,0,
720.5,0,0,0,0,0,0,0,
721.5,0,0,0,0,0,0,0,
722.5,0,0,0,0,0,0,0,
723.5,0,0,0,0,0,0,0,
724.5,0,0,0,0,0,0,0,
725.5,0,0,0,0,0,0,0,
726.5,0,0,0,0,0,0,0,
727.5,0,0,0,0,0,0,0,
728.5,0,0,0,0,0,0,0,
729.5,0,0,0,0,0,0,0,
730.5,0,0,0,0,0,0,0,
731.5,0,0,0,0,0,0,0,
732.5,0,0,0,0,0,0,0,
733.5,0,0,0,0,0,0,0,
734.5,0,0,0,0,0,0,0,
735.5,0,0,0,0,0,0,0,
736.5,0,0,0,0,0,0,0,
737.5,0,0,0,0,0,0,0,
738.5,0,0,0,0,0,0,0,
739.5,0,0,0,0,0,0,0,
740.5,0,0,0,0,0,0,0,
741.5,0,0,0,0,0,0,0,
742.5,0,0,0,0,0,0,0,
743.5,0,0,0,0,0,0,0,
744.5,0,0,0,0,0,0,0,
745.5,0,0,0,0,0,0,0,
746.5,0,0,0,0,0,0,0,
747.5,0,0,0,0,0,0,0,
748.5,0,0,0,0,0,0,0,
749.5,0,0,0,0,0,0,0,
750.5,0,0,0,0,0,0,0,
751.5,0,0,0,0,0,0,0,
752.5,0,0,0,0,0,0,0,
753.5,0,0,0,0,0,0,0,
754.5,0,0,0,0,0,0,0,
755.5,0,0,0,0,0,0,0,
756.5,0,0,0,0,0,0,0,
757.5,0,0,0,0,0,0,0,
758.5,0,0,0,0,0,0,0,
759.5,0,0,0,0,0,0,0,
760.5,0,0,0,0,0,0,0,
761.5,0,0,0,0,0,0,0,
762.5,0,0,0,0,0,0,0,
763.5,0,0,0,0,0,0,0,
764.5,0,0,0,0,0,0,0,
765.5,0,0,0,0,0,0,0,
766.5,0,0,0,0,0,0,0,
767.5,0,0,0,0,0,0,0,
768.5,0,0,0,0,0,0,0,
769.5,0,0,0,0,0,0,0,
770.5,0,0,0,0,0,0,0,
771.5,0,0,0,0,0,0,0,
772.5,0,0,0,0,0,0,0,
773.5,0,0,0,0,0,0,0,
774.5,0,0,0,0,0,0,0,
775.5,0,0,0,0,0,0,0,
776.5,0,0,0,0,0,0,0,
777.5,0,0,0,0,0,0,0,
778.5,0,0,0,0,0,0,0,
779.5,0,0,0,0,0,0,0,
780.5,0,0,0,0,0,0,0,
781.5,0,0,0,0,0,0,0,
782.5,0,0,0,0,0,0,0,
783.5,0,0,0,0,0,0,0,
784.5,0,0,0,0,0,0,0,
785.5,0,0,0,0,0,0,0,
786.5,0,0,0,0,0,0,0,
787.5,0,0,0,0,0,0,0,
788.5,0,0,0,0,0,0,0,
789.5,0,0,0,0,0,0,0,
790.5,0,0,0,0,0,0,0,
791.5,0,0,0,0,0,0,0,
792.5,0,0,0,0,0,0,0,
793.5,0,0,0,0,0,0,0,
794.5,0,0,0,0,0,0,0,
795.5,0,0,0,0,0,0,0,
796.5,0,0,0,0,0,0,0,
797.5,0,0,0,0,0,0,0,
798.5,0,0,0,0,0,0,0,
799.5,0,0,0,0,0,0,0,
800.5,0,0,0,0,0,0,0,
801.5,0,0,0,0,0,0,0,
802.5,0,0,0,0,0,0,0,
803.5,0,0,0,0,0,0,0,
804.5,0,0,0,0,0,0,0,
805.5,0,0,0,0,0,0,0,
806.5,0,0,0,0,0,0,0,
807.5,0,0,0,0,0,0,0,
808.5,0,0,0,0,0,0,0,
809.5,0,0,0,0,0,0,0,
810.5,0,0,0,0,0,0,0,
811.5,0,0,0,0,0,0,0,
812.5,0,0,0,0,0,0,0,
813.5,0,0,0,0,0,0,0,
814.5,0,0,0,0,0,0,0,
815.5,0,0,0,0,0,0,0,
816.5,0,0,0,0,0,0,0,
817.5,0,0,0,0,0,0,0,
818.5,0,0,0,0,0,0,0,
819.5,0,0,0,0,0,0,0,
820.5,0,0,0,0,0,0,0,
821.5,0,0,0,0,0,0,0,
822.5,0,0,0,0,0,0,0,
823.5,0,0,0,0,0,0,0,
824.5,0,0,0,0,0,0,0,
825.5,0,0,0,0,0,0,0,
826.5,0,0,0,0,0,0,0,
827.5,0,0,0,0,0,0,0,
828.5,0,0,0,0,0,0,0,
829.5,0,0,0,0,0,0,0,
830.5,0,0,0,0,0,0,0,
831.5,0,0,0,0,0,0,0,
832.5,0,0,0,0,0,0,0,
833.5,0,0,0,0,0,0,0,
834.5,0,0,0,0,0,0,0,
835.5,0,0,0,0,0,0,0,
836.5,0,0,0,0,0,0,0,
837.5,0,0,0,0,0,0,0,
838.5,0,0,0,0,0,0,0,
839.5,0,0,0,0,0,0,0,
840.5,0,0,0,0,0,0,0,
841.5,0,0,0,0,0,0,0,
842.5,0,0,0,0,0,0,0,
843.5,0,0,0,0,0,0,0,
844.5,0,0,0,0,0,0,0,
845.5,0,0,0,0,0,0,0,
846.5,0,0,0,0,0,0,0,
847.5,0,0,0,0,0,0,0,
848.5,0,0,0,0,0,0,0,
849.5,0,0,0,0,0,0,0,
850.5,0,0,0,0,0,0,0,
851.5,0,0,0,0,0,0,0,
852.5,0,0,0,0,0,0,0,
853.5,0,0,0,0,0,0,0,
854.5,0,0,0,0,0,0,0,
855.5,0,0,0,0,0,0,0,
856.5,0,0,0,0,0,0,0,
857.5,0,0,0,0,0,0,0,
858.5,0,0,0,0,0,0,0,
859.5,0,0,0,0,0,0,0,
860.5,0,0,0,0,0,0,0,
861.5,0,0,0,0,0,0,0,
862.5,0,0,0,0,0,0,0,
863.5,0,0,0,0,0,0,0,
864.5,0,0,0,0,0,0,0,
865.5,0,0,0,0,0,0,0,
866.5,0,0,0,0,0,0,0,
867.5,0,0,0,0,0,0,0,
868.5,0,0,0,0,0,0,0,
869.5,0,0,0,0,0,0,0,
870.5,0,0,0,0,0,0,0,
871.5,0,0,0,0,0,0,0,
872.5,0,0,0,0,0,0,0,
873.5,0,0,0,0,0,0,0,
874.5,0,0,0,0,0,0,0,
875.5,0,0,0,0,0,0,0,
876.5,0,0,0,0,0,0,0,
877.5,0,0,0,0,0,0,0,
878.5,0,0,0,0,0,0,0,
879.5,0,0,0,0,0,0,0,
880.5,0,0,0,0,0,0,0,
881.5,0,0,0,0,0,0,0,
882.5,0,0,0,0,0,0,0,
883.5,0,0,0,0,0,0,0,
884.5,0,0,0,0,0,0,0,
885.5,0,0,0,0,0,0,0,
886.5,0,0,0,0,0,0,0,
887.5,0,0,0,0,0,0,0,
888.5,0,0,0,0,0,0,0,
889.5,0,0,0,0,0,0,0,
890.5,0,0,0,0,0,0,0,
891.5,0,0,0,0,0,0,0,
892.5,0,0,0,0,0,0,0,
893.5,0,0,0,0,0,0,0,
894.5,0,0,0,0,0,0,0,
895.5,0,0,0,0,0,0,0,
896.5,0,0,0,0,0,0,0,
897.5,0,0,0,0,0,0,0,
898.5,0,0,0,0,0,0,0,
899.5,0,0,0,0,0,0,0,
900.5,0,0,0,0,0,0,0,
901.5,0,0,0,0,0,0,0,
902.5,0,0,0,0,0,0,0,
903.5,0,0,0,0,0,0,0,
904.5,0,0,0,0,0,0,0,
905.5,0,0,0,0,0,0,0,
906.5,0,0,0,0,0,0,0,
907.5,0,0,0,0,0,0,0,
908.5,0,0,0,0,0,0,0,
909.5,0,0,0,0,0,0,0,
910.5,0,0,0,0,0,0,0,
911.5,0,0,0,0,0,0,0,
912.5,0,0,0,0,0,0,0,
913.5,0,0,0,0,0,0,0,
914.5,0,0,0,0,0,0,0,
915.5,0,0,0,0,0,0,0,
916.5,0,0,0,0,0,0,0,
917.5,0,0,0,0,0,0,0,
918.5,0,0,0,0,0,0,0,
919.5,0,0,0,0,0,0,0,
920.5,0,0,0,0,0,0,0,
921.5,0,0,0,0,0,0,0,
922.5,0,0,0,0,0,0,0,
923.5,0,0,0,0,0,0,0,
924.5,0,0,0,0,0,0,0,
925.5,0,0,0,0,0,0,0,
926.5,0,0,0,0,0,0,0,
927.5,0,0,0,0,0,0,0,
928.5,0,0,0,0,0,0,0,
929.5,0,0,0,0,0,0,0,
930.5,0,0,0,0,0,0,0,
931.5,0,0,0,0,0,0,0,
932.5,0,0,0,0,0,0,0,
933.5,0,0,0,0,0,0,0,
934.5,0,0,0,0,0,0,0,
935.5,0,0,0,0,0,0,0,
936.5,0,0,0,0,0,0,0,
937.5,0,0,0,0,0,0,0,
938.5,0,0,0,0,0,0,0,
939.5,0,0,0,0,0,0,0,
940.5,0,0,0,0,0,0,0,
941.5,0,0,0,0,0,0,0,
942.5,0,0,0,0,0,0,0,
943.5,0,0,0,0,0,0,0,
944.5,0,0,0,0,0,0,0,
945.5,0,0,0,0,0,0,0,
946.5,0,0,0,0,0,0,0,
947.5,0,0,0,0,0,0,0,
948.5,0,0,0,0,0,0,0,
949.5,0,0,0,0,0,0,0,
950.5,0,0,0,0,0,0,0,
951.5,0,0,0,0,0,0,0,
952.5,0,0,0,0,0,0,0,
953.5,0,0,0,0,0,0,0,
954.5,0,0,0,0,0,0,0,
955.5,0,0,0,0,0,0,0,
956.5,0,0,0,0,0,0,0,
957.5,0,0,0,0,0,0,0,
958.5,0,0,0,0,0,0,0,
959.5,0,0,0,0,0,0,0,
960.5,0,0,0,0,0,0,0,
961.5,0,0,0,0,0,0,0,
962.5,0,0,0,0,0,0,0,
963.5,0,0,0,0,0,0,0,
964.5,0,0,0,0,0,0,0,
965.5,0,0,0,0,0,0,0,
966.5,0,0,0,0,0,0,0,
967.5,0,0,0,0,0,0,0,
968.5,0,0,0,0,0,0,0,
969.5,0,0,0,0,0,0,0,
970.5,0,0,0,0,0,0,0,
971.5,0,0,0,0,0,0,0,
972.5,0,0,0,0,0,0,0,
973.5,0,0,0,0,0,0,0,
974.5,0,0,0,0,0,0,0,
975.5,0,0,0,0,0,0,0,
976.5,0,0,0,0,0,0,0,
977.5,0,0,0,0,0,0,0,
978.5,0,0,0,0,0,0,0,
979.5,0,0,0,0,0,0,0,
980.5,0,0,0,0,0,0,0,
981.5,0,0,0,0,0,0,0,
982.5,0,0,0,0,0,0,0,
983.5,0,0,0,0,0,0,0,
984.5,0,0,0,0,0,0,0,
985.5,0,0,0,0,0,0,0,
986.5,0,0,0,0,0,0,0,
987.5,0,0,0,0,0,0,0,
988.5,0,0,0,0,0,0,0,
989.5,0,0,0,0,0,0,0,
990.5,0,0,0,0,0,0,0,
991.5,0,0,0,0,0,0,0,
992.5,0,0,0,0,0,0,0,
993.5,0,0,0,0,0,0,0,
994.5,0,0,0,0,0,0,0,
995.5,0,0,0,0,0,0,0,
996.5,0,0,0,0,0,0,0,
997.5,0,0,0,0,0,0,0,
998.5,0,0,0,0,0,0,0,
999.5,0,0,0,0,0,0,0,

Percentile,Size (nm),Size (nm),Size (nm),Size (nm),Size (nm),
0,0.0,31.0,142.0,18.0,29.0,
1,0.0,41.7,156.7,22.6,35.3,
2,0.0,42.8,158.3,23.1,36.0,
3,0.0,43.4,159.4,23.4,36.4,
4,0.0,44.0,160.2,23.7,36.7,
5,0.0,44.4,160.9,23.9,37.0,
6,0.0,44.7,161.4,24.1,37.2,
7,0.0,45.1,161.9,24.2,37.3,
8,0.0,45.3,162.4,24.3,37.5,
9,0.0,45.6,162.8,24.5,37.7,
10,0.0,45.9,163.2,24.6,37.8,
11,0.0,46.1,163.5,24.7,38.0,
12,0.0,46.3,163.8,24.8,38.1,
13,0.0,46.5,164.1,24.9,38.2,
14,0.0,46.7,164.4,25.0,38.3,
15,0.0,46.9,164.7,25.1,38.4,
16,0.0,47.1,165.0,25.2,38.5,
17,0.0,47.3,165.2,25.2,38.6,
18,0.0,47.4,165.5,25.3,38.7,
19,0.0,47.6,165.7,25.4,38.8,
20,0.0,47.8,165.9,25.5,38.9,
21,0.0,48.0,166.2,25.5,39.0,
22,0.0,48.1,166.4,25.6,39.1,
23,0.0,48.3,166.6,25.7,39.2,
24,0.0,48.4,166.8,25.8,39.3,
25,0.0,48.6,167.0,25.8,39.3,
26,0.0,48.8,167.2,25.9,39.4,
27,0.0,48.9,167.4,26.0,39.5,
28,0.0,49.1,167.6,26.0,39.6,
29,0.0,49.2,167.8,26.1,39.6,
30,0.0,49.4,168.0,26.2,39.7,
31,0.0,49.6,168.1,26.2,39.8,
32,0.0,49.7,168.3,26.3,39.9,
33,0.0,49.9,168.5,26.3,39.9,
34,0.0,50.0,168.7,26.4,40.0,
35,0.0,50.2,168.9,26.4,40.1,
36,0.0,50.4,169.0,26.5,40.2,
37,0.0,50.6,169.2,26.6,40.2,
38,0.0,50.7,169.4,26.6,40.3,
39,0.0,50.9,169.5,26.7,40.4,
40,0.0,51.1,169.7,26.7,40.4,
41,0.0,51.3,169.9,26.8,40.5,
42,0.0,51.5,170.0,26.9,40.6,
43,0.0,51.7,170.2,26.9,40.6,
44,0.0,51.9,170.4,27.0,40.7,
45,0.0,52.1,170.5,27.0,40.8,
46,0.0,52.3,170.7,27.1,40.8,
47,0.0,52.6,170.9,27.1,40.9,
48,0.0,52.8,171.0,27.2,41.0,
49,0.0,53.1,171.2,27.3,41.0,
50,0.0,53.4,171.4,27.3,41.1,
51,0.0,53.7,171.5,27.4,41.2,
52,0.0,54.0,171.7,27.4,41.2,
53,0.0,54.5,171.8,27.5,41.3,
54,0.0,54.9,172.0,27.6,41.4,
55,0.0,55.6,172.2,27.6,41.4,
56,0.0,56.4,172.3,27.7,41.5,
57,0.0,57.8,172.5,27.7,41.6,
58,0.0,114.1,172.7,27.8,41.6,
59,0.0,118.7,172.8,27.8,41.7,
60,0.0,120.4,173.0,27.9,41.8,
61,0.0,121.5,173.2,28.0,41.9,
62,0.0,122.3,173.4,28.0,41.9,
63,0.0,123.0,173.5,28.1,42.0,
64,0.0,123.6,173.7,28.2,42.1,
65,0.0,124.2,173.9,28.2,42.1,
66,0.0,124.7,174.1,28.3,42.2,
67,0.0,125.2,174.2,28.4,42.3,
68,0.0,125.6,174.4,28.4,42.4,
69,0.0,126.0,174.6,28.5,42.5,
70,0.0,126.4,174.8,28.6,42.5,
71,0.0,126.8,175.0,28.7,42.6,
72,0.0,127.2,175.2,28.7,42.7,
73,0.0,127.5,175.4,28.8,42.8,
74,0.0,127.9,175.6,28.9,42.9,
75,0.0,128.2,175.8,28.9,42.9,
76,0.0,128.5,176.0,29.0,43.0,
77,0.0,128.9,176.2,29.1,43.1,
78,0.0,129.2,176.5,29.2,43.2,
79,0.0,129.5,176.7,29.3,43.3,
80,0.0,129.9,176.9,29.4,43.5,
81,0.0,130.2,177.2,29.5,43.6,
82,0.0,130.6,177.4,29.6,43.7,
83,0.0,130.9,177.7,29.7,43.8,
84,0.0,131.2,177.9,29.8,43.9,
85,0.0,131.6,178.2,29.9,44.0,
86,0.0,131.9,178.5,30.0,44.1,
87,0.0,132.3,178.8,30.1,44.3,
88,0.0,132.7,179.2,30.3,44.4,
89,0.0,133.1,179.5,30.4,44.6,
90,0.0,133.5,179.9,30.6,44.7,
91,0.0,134.0,180.3,30.7,44.9,
92,0.0,134.5,180.7,30.9,45.1,
93,0.0,135.0,181.2,31.1,45.3,
94,0.0,135.6,181.8,31.4,45.6,
95,0.0,136.2,182.4,31.7,45.9,
96,0.0,136.9,183.1,31.9,46.2,
97,0.0,137.8,184.0,32.4,46.6,
98,0.0,139.0,185.2,32.9,47.2,
99,0.0,140.9,187.1,33.8,48.0,
100,0.0,158.0,206.0,49.0,60.0,
,,,,,,
